,1,2,3,4,5,6,7,8,9,10,11,12
A,0.156,0.179,0.126,0.098,0.096,1.174,1.519,0.118,0.250,0.106,0.109,0.096
B,0.161,0.155,0.223,0.194,1.235,1.358,0.857,0.913,0.149,0.089,0.257,0.186
C,0.116,0.160,0.136,0.815,0.088,1.052,1.178,0.138,0.968,0.187,0.090,0.178
D,0.095,0.096,1.030,0.122,1.501,0.101,0.170,1.731,0.100,0.945,0.174,0.251
E,0.154,1.077,0.977,0.981,0.123,1.190,1.114,0.130,1.140,1.049,0.954,0.184
F,0.121,1.331,1.244,0.764,1.040,1.070,0.890,0.971,0.874,1.082,1.008,0.202
G,0.084,0.095,1.395,1.242,0.905,0.983,0.946,0.694,1.128,0.865,0.168,0.235
H,0.099,0.086,0.267,1.045,0.769,1.027,0.958,1.081,0.817,0.084,0.076,0.198



,1,2,3,4,5,6,7,8,9,10,11,12
A,Sample 1,Sample 9,Sample 17,Sample 25,Sample 33,Sample 41,Sample 49,Sample 57,Sample 65,Sample 73,Sample 81,Sample 89
B,Sample 2,Sample 10,Sample 18,Sample 26,Sample 34,Sample 42,Sample 50,Sample 58,Sample 66,Sample 74,Sample 82,Sample 90
C,Sample 3,Sample 11,Sample 19,Sample 27,Sample 35,Sample 43,Sample 51,Sample 59,Sample 67,Sample 75,Sample 83,Sample 91
D,Sample 4,Sample 12,Sample 20,Sample 28,Sample 36,Sample 44,Sample 52,Sample 60,Sample 68,Sample 76,Sample 84,Sample 92
E,Sample 5,Sample 13,Sample 21,Sample 29,Sample 37,Sample 45,Sample 53,Sample 61,Sample 69,Sample 77,Sample 85,Sample 93
F,Sample 6,Sample 14,Sample 22,Sample 30,Sample 38,Sample 46,Sample 54,Sample 62,Sample 70,Sample 78,Sample 86,Sample 94
G,Sample 7,Sample 15,Sample 23,Sample 31,Sample 39,Sample 47,Sample 55,Sample 63,Sample 71,Sample 79,Sample 87,Sample 95
H,Sample 8,Sample 16,Sample 24,Sample 32,Sample 40,Sample 48,Sample 56,Sample 64,Sample 72,Sample 80,Sample 88,Sample 96



Sample (nm),405
Reference (nm),-1